Title,Company,Rating,Experience,Salary,Rating of Company,Location,Skill_Set,Link,Review_page_company
Analystics & Modeling Specialist,Accenture,,6-8 Yrs ,Not disclosed,(30750 Reviews),"Kolkata, Mumbai, Hyderabad/Secunderabad, Pune, Chennai, Bangalore/Bengaluru, delhi ncr",BfsiConsultingMachine learningOpen sourcePythonRQlik ViewPower BI,https://www.naukri.com/job-listings-analystics-modeling-specialist-accenture-solutions-pvt-ltd-kolkata-mumbai-hyderabad-secunderabad-pune-chennai-bangalore-bengaluru-delhi-ncr-6-to-8-years-280722907328,https://www.ambitionbox.com/reviews/accenture-reviews?utm_campaign=srp_ratings&utm_medium=desktop&utm_source=naukri
Job||Job Opening For AI Technologist - Data Scientist at Wipro Holmes,Wipro,,5-10 Yrs ,Not disclosed,(26746 Reviews),"New Delhi, Hyderabad/Secunderabad, Pune, Chennai, Bangalore/Bengaluru, Coimbatore, Cochin, Mumbai",deep learningpythonAlgorithmsNatural Language Processingmachine learningReinforcement LearningTorchR,https://www.naukri.com/job-listings-opening-for-ai-technologist-data-scientist-at-wipro-holmes-wipro-limited-new-delhi-hyderabad-secunderabad-pune-chennai-bangalore-bengaluru-coimbatore-cochin-mumbai-5-to-10-years-160522007603,https://www.ambitionbox.com/reviews/wipro-reviews?utm_campaign=srp_ratings&utm_medium=desktop&utm_source=naukri
Hiring For DATA Scientist @ NTT DATA Business Solution India,NTT DATA Business Solutions Private Limited,,4-9 Yrs ,"18,00,000 - 20,00,000 PA.",(57 Reviews),"Noida, Hyderabad/Secunderabad, Pune, Gurgaon/Gurugram, Chennai, Bangalore/Bengaluru, Mumbai (All Areas)",Data ScienceArtificial IntelligenceMachine LearningIT SkillsJavaPythonJavascriptBig Data,https://www.naukri.com/job-listings-hiring-for-data-scientist-ntt-data-business-solution-india-ntt-data-business-solutions-private-limited-noida-hyderabad-secunderabad-pune-gurgaon-gurugram-chennai-bangalore-bengaluru-mumbai-all-areas-4-to-9-years-200722003814,https://www.ambitionbox.com/reviews/ntt-data-business-solutions-reviews?utm_campaign=srp_ratings&utm_medium=desktop&utm_source=naukri
Lead ML Scientist,Fractal Analytics,,6-10 Yrs ,Not disclosed,(291 Reviews),"Mumbai, Bangalore/Bengaluru",deep learningLinuxdata scienceAnalyticalMachine learningManager TechnologyResearchPython,https://www.naukri.com/job-listings-lead-ml-scientist-fractal-analytics-ltd-mumbai-bangalore-bengaluru-6-to-10-years-180822503121,https://www.ambitionbox.com/reviews/fractal-analytics-reviews?utm_campaign=srp_ratings&utm_medium=desktop&utm_source=naukri
Senior Manager - EmTech - Machine Learning - P&T,PwC,,5-12 Yrs ,Not disclosed,(3841 Reviews),"Mumbai, Hyderabad/Secunderabad, Bangalore/Bengaluru",AutomationPrototypeSimulationAnalyticalProcess improvementPackagingData miningRobotics,https://www.naukri.com/job-listings-senior-manager-emtech-machine-learning-p-t-pricewaterhouse-coopers-private-limited-mumbai-hyderabad-secunderabad-bangalore-bengaluru-5-to-12-years-120822502728,https://www.ambitionbox.com/reviews/pwc-reviews?utm_campaign=srp_ratings&utm_medium=desktop&utm_source=naukri
Urgent Job Opening For AI Practitioner - Data Science at Wipro Holmes,Wipro,,11-20 Yrs ,Not disclosed,(26746 Reviews),"Kochi/Cochin, New Delhi, Bangalore/Bengaluru, Coimbatore, Chennai, Pune, Mumbai, Hyderabad",Algorithm DevelopmentNatural Language Processingmachine learningDeep LearningPythonComputer VisionCaffeCognitive Computing,https://www.naukri.com/job-listings-urgent-opening-for-ai-practitioner-data-science-at-wipro-holmes-wipro-limited-kochi-cochin-new-delhi-bangalore-bengaluru-coimbatore-chennai-pune-mumbai-hyderabad-11-to-20-years-310522004893,https://www.ambitionbox.com/reviews/wipro-reviews?utm_campaign=srp_ratings&utm_medium=desktop&utm_source=naukri
Assistant Manager - Data Science,CitiusTech,,5-9 Yrs ,Not disclosed,(692 Reviews),"Mumbai, Pune, Bangalore/Bengaluru",Data ScienceNLPMachine LearningDeep LearningPythonRData ModellingAnalytical,https://www.naukri.com/job-listings-assistant-manager-data-science-citiustech-healthcare-technology-pvt-ltd-mumbai-pune-bangalore-bengaluru-5-to-9-years-010822004921,https://www.ambitionbox.com/reviews/citiustech-reviews?utm_campaign=srp_ratings&utm_medium=desktop&utm_source=naukri
Data Scientist / Senior Data Scientist,Mindtree,,7-12 Yrs ,Not disclosed,(3485 Reviews),"Pune, Chennai, Bangalore/Bengaluru",deep learningpythonCloud Servicescomputer visionAzurepresentationRDBMSSVN,https://www.naukri.com/job-listings-data-scientist-senior-data-scientist-mindtree-limited-pune-chennai-bangalore-bengaluru-7-to-12-years-220822007029,https://www.ambitionbox.com/reviews/mindtree-reviews?utm_campaign=srp_ratings&utm_medium=desktop&utm_source=naukri
Tcs Hiring For Data Scientist,TATA CONSULTANCY SERVICES (TCS),,3-8 Yrs ,Not disclosed,(45975 Reviews),"Chennai, Bangalore/Bengaluru, Mumbai (All Areas)",pythonmachine learningPower BiTableauNLPSparkIT Skills,https://www.naukri.com/job-listings-tcs-hiring-for-data-scientist-tata-consultancy-services-ltd-chennai-bangalore-bengaluru-mumbai-all-areas-3-to-8-years-150822000386,https://www.ambitionbox.com/reviews/tcs-reviews?utm_campaign=srp_ratings&utm_medium=desktop&utm_source=naukri
Data Scientist,Paytm,,Not disclosed ,Not disclosed,(3721 Reviews),"Noida, Bangalore/Bengaluru(WFH during Covid)",Data Sciencepythonmachine learning,https://www.naukri.com/job-listings-data-scientist-one97-communications-limited-noida-bangalore-bengaluru-1-to-2-years-250822006506,https://www.ambitionbox.com/reviews/one97-communications-reviews?utm_campaign=srp_ratings&utm_medium=desktop&utm_source=naukri
ACN - Applied Intelligence - C4DI - Sustainability - 09,Accenture,,4-6 Yrs ,Not disclosed,(30750 Reviews),Bangalore/Bengaluru,Business processData managementConsultingOracleBusiness operationsIT SkillsData ScienceMachine Learning,https://www.naukri.com/job-listings-acn-applied-intelligence-c4di-sustainability-09-accenture-solutions-pvt-ltd-bangalore-bengaluru-4-to-6-years-240822901582,https://www.ambitionbox.com/reviews/accenture-reviews?utm_campaign=srp_ratings&utm_medium=desktop&utm_source=naukri
Data Scientist Lead_Tata Consultancy Services(Tcs),TATA CONSULTANCY SERVICES (TCS),,8-12 Yrs ,Not disclosed,(45975 Reviews),"Kolkata, Hyderabad/Secunderabad, Chennai, Bangalore/Bengaluru",PythonR ProgrammingIT SkillsData Sciencedata scientist,https://www.naukri.com/job-listings-data-scientist-lead-tata-consultancy-services-tcs-tata-consultancy-services-ltd-kolkata-hyderabad-secunderabad-chennai-bangalore-bengaluru-8-to-12-years-190822001529,https://www.ambitionbox.com/reviews/tcs-reviews?utm_campaign=srp_ratings&utm_medium=desktop&utm_source=naukri
Data Scientist - II,SMARTPADDLE TECHNOLOGY PVT. LTD.,,3-6 Yrs ,Not disclosed,(54 Reviews),"India, Bangalore/Bengaluru, Mumbai (All Areas)",PythonData AnalyticsJavaIT SkillsBusiness AnalyticsRisk AnalyticsArtificial IntelligenceCredit Risk,https://www.naukri.com/job-listings-data-scientist-ii-smartpaddle-technology-pvt-ltd-bangalore-bengaluru-mumbai-all-areas-india-3-to-6-years-210722606804,https://www.ambitionbox.com/reviews/bizongo-reviews?utm_campaign=srp_ratings&utm_medium=desktop&utm_source=naukri
Senior Data Scientist,Baker Hughes,,6-8 Yrs ,Not disclosed,(311 Reviews),"Mumbai, Bangalore/Bengaluru",Computer scienceData analysisSASCodingMachine learningPerlRubyAnalytics,https://www.naukri.com/job-listings-senior-data-scientist-baker-hughes-the-network-mumbai-bangalore-bengaluru-6-to-8-years-170622500683,https://www.ambitionbox.com/reviews/baker-hughes-reviews?utm_campaign=srp_ratings&utm_medium=desktop&utm_source=naukri
data science analyst,CRED,,1-3 Yrs ,Not disclosed,(26 Reviews),Bangalore/Bengaluru,Analytical skillsHealth insurancedata scienceData qualityData miningbig dataOperationsMonitoring,https://www.naukri.com/job-listings-data-science-analyst-cred-bangalore-bengaluru-1-to-3-years-180822500240,https://www.ambitionbox.com/reviews/cred-reviews?utm_campaign=srp_ratings&utm_medium=desktop&utm_source=naukri
Data Scientist / Sr Data Scientist,GEP,,2-7 Yrs ,Not disclosed,(456 Reviews),"Hyderabad/Secunderabad, Mumbai (All Areas)",Machine LearningPythonSparkMLHBaseKerasApacheSparkR,https://www.naukri.com/job-listings-data-scientist-sr-data-scientist-gep-solutions-pvt-ltd-hyderabad-secunderabad-mumbai-all-areas-2-to-7-years-180822008018,https://www.ambitionbox.com/reviews/gep-worldwide-reviews?utm_campaign=srp_ratings&utm_medium=desktop&utm_source=naukri
Data Scientist Python,Conduent,,3-7 Yrs ,"8,50,000 - 17,00,000 PA.",(1778 Reviews),"Hyderabad/Secunderabad, Bangalore/Bengaluru",data scientistPythonBPOdata analysisNLPNatural Language Processingstatistical modelingmachine learning,https://www.naukri.com/job-listings-data-scientist-python-conduent-business-services-india-llp-hyderabad-secunderabad-bangalore-bengaluru-3-to-7-years-160822011020,https://www.ambitionbox.com/reviews/conduent-reviews?utm_campaign=srp_ratings&utm_medium=desktop&utm_source=naukri
AI/ ML developer,Infogain,,3-5 Yrs ,Not disclosed,(589 Reviews),"Pune, Delhi / NCR, Mumbai (All Areas)",Artificial Neural NetworksDeep Neural NetworksPythonSciPyMatplotlibNumpyMachine LearningPandas,https://www.naukri.com/job-listings-ai-ml-developer-infogain-india-p-ltd-pune-delhi-ncr-mumbai-all-areas-3-to-5-years-250822001818,https://www.ambitionbox.com/reviews/infogain-reviews?utm_campaign=srp_ratings&utm_medium=desktop&utm_source=naukri
Senior Data Scientist,Ciena,,5-10 Yrs ,Not disclosed,(199 Reviews),Pune,Data ScienceSageMakerJavaCDMXNetScalaCIsklearn,https://www.naukri.com/job-listings-senior-data-scientist-ciena-india-private-ltd-pune-5-to-10-years-250822909286,https://www.ambitionbox.com/reviews/ciena-reviews?utm_campaign=srp_ratings&utm_medium=desktop&utm_source=naukri
Hiring For Senior Data Scientist,TATA CONSULTANCY SERVICES (TCS),,8-13 Yrs ,Not disclosed,(45975 Reviews),"Pune, Bangalore/Bengaluru",data scienceartificial intelligenceIT SkillsPythonTestingMachine LearningAWSdeep learning,https://www.naukri.com/job-listings-hiring-for-senior-data-scientist-tata-consultancy-services-ltd-pune-bangalore-bengaluru-8-to-13-years-130722002780,https://www.ambitionbox.com/reviews/tcs-reviews?utm_campaign=srp_ratings&utm_medium=desktop&utm_source=naukri
Analystics & Modeling Specialist,Accenture,,6-8 Yrs ,Not disclosed,(30750 Reviews),"Kolkata, Mumbai, Hyderabad/Secunderabad, Pune, Chennai, Bangalore/Bengaluru, delhi ncr",BfsiConsultingMachine learningOpen sourcePythonRQlik ViewPower BI,https://www.naukri.com/job-listings-analystics-modeling-specialist-accenture-solutions-pvt-ltd-kolkata-mumbai-hyderabad-secunderabad-pune-chennai-bangalore-bengaluru-delhi-ncr-6-to-8-years-280722907328,https://www.ambitionbox.com/reviews/accenture-reviews?utm_campaign=srp_ratings&utm_medium=desktop&utm_source=naukri
Job||Job Opening For AI Technologist - Data Scientist at Wipro Holmes,Wipro,,5-10 Yrs ,Not disclosed,(26746 Reviews),"New Delhi, Hyderabad/Secunderabad, Pune, Chennai, Bangalore/Bengaluru, Coimbatore, Cochin, Mumbai",deep learningpythonAlgorithmsNatural Language Processingmachine learningReinforcement LearningTorchR,https://www.naukri.com/job-listings-opening-for-ai-technologist-data-scientist-at-wipro-holmes-wipro-limited-new-delhi-hyderabad-secunderabad-pune-chennai-bangalore-bengaluru-coimbatore-cochin-mumbai-5-to-10-years-160522007603,https://www.ambitionbox.com/reviews/wipro-reviews?utm_campaign=srp_ratings&utm_medium=desktop&utm_source=naukri
Hiring For DATA Scientist @ NTT DATA Business Solution India,NTT DATA Business Solutions Private Limited,,4-9 Yrs ,"18,00,000 - 20,00,000 PA.",(57 Reviews),"Noida, Hyderabad/Secunderabad, Pune, Gurgaon/Gurugram, Chennai, Bangalore/Bengaluru, Mumbai (All Areas)",Data ScienceArtificial IntelligenceMachine LearningIT SkillsJavaPythonJavascriptBig Data,https://www.naukri.com/job-listings-hiring-for-data-scientist-ntt-data-business-solution-india-ntt-data-business-solutions-private-limited-noida-hyderabad-secunderabad-pune-gurgaon-gurugram-chennai-bangalore-bengaluru-mumbai-all-areas-4-to-9-years-200722003814,https://www.ambitionbox.com/reviews/ntt-data-business-solutions-reviews?utm_campaign=srp_ratings&utm_medium=desktop&utm_source=naukri
Lead ML Scientist,Fractal Analytics,,6-10 Yrs ,Not disclosed,(291 Reviews),"Mumbai, Bangalore/Bengaluru",deep learningLinuxdata scienceAnalyticalMachine learningManager TechnologyResearchPython,https://www.naukri.com/job-listings-lead-ml-scientist-fractal-analytics-ltd-mumbai-bangalore-bengaluru-6-to-10-years-180822503121,https://www.ambitionbox.com/reviews/fractal-analytics-reviews?utm_campaign=srp_ratings&utm_medium=desktop&utm_source=naukri
Senior Manager - EmTech - Machine Learning - P&T,PwC,,5-12 Yrs ,Not disclosed,(3841 Reviews),"Mumbai, Hyderabad/Secunderabad, Bangalore/Bengaluru",AutomationPrototypeSimulationAnalyticalProcess improvementPackagingData miningRobotics,https://www.naukri.com/job-listings-senior-manager-emtech-machine-learning-p-t-pricewaterhouse-coopers-private-limited-mumbai-hyderabad-secunderabad-bangalore-bengaluru-5-to-12-years-120822502728,https://www.ambitionbox.com/reviews/pwc-reviews?utm_campaign=srp_ratings&utm_medium=desktop&utm_source=naukri
Urgent Job Opening For AI Practitioner - Data Science at Wipro Holmes,Wipro,,11-20 Yrs ,Not disclosed,(26746 Reviews),"Kochi/Cochin, New Delhi, Bangalore/Bengaluru, Coimbatore, Chennai, Pune, Mumbai, Hyderabad",Algorithm DevelopmentNatural Language Processingmachine learningDeep LearningPythonComputer VisionCaffeCognitive Computing,https://www.naukri.com/job-listings-urgent-opening-for-ai-practitioner-data-science-at-wipro-holmes-wipro-limited-kochi-cochin-new-delhi-bangalore-bengaluru-coimbatore-chennai-pune-mumbai-hyderabad-11-to-20-years-310522004893,https://www.ambitionbox.com/reviews/wipro-reviews?utm_campaign=srp_ratings&utm_medium=desktop&utm_source=naukri
Assistant Manager - Data Science,CitiusTech,,5-9 Yrs ,Not disclosed,(692 Reviews),"Mumbai, Pune, Bangalore/Bengaluru",Data ScienceNLPMachine LearningDeep LearningPythonRData ModellingAnalytical,https://www.naukri.com/job-listings-assistant-manager-data-science-citiustech-healthcare-technology-pvt-ltd-mumbai-pune-bangalore-bengaluru-5-to-9-years-010822004921,https://www.ambitionbox.com/reviews/citiustech-reviews?utm_campaign=srp_ratings&utm_medium=desktop&utm_source=naukri
Data Scientist / Senior Data Scientist,Mindtree,,7-12 Yrs ,Not disclosed,(3485 Reviews),"Pune, Chennai, Bangalore/Bengaluru",deep learningpythonCloud Servicescomputer visionAzurepresentationRDBMSSVN,https://www.naukri.com/job-listings-data-scientist-senior-data-scientist-mindtree-limited-pune-chennai-bangalore-bengaluru-7-to-12-years-220822007029,https://www.ambitionbox.com/reviews/mindtree-reviews?utm_campaign=srp_ratings&utm_medium=desktop&utm_source=naukri
Tcs Hiring For Data Scientist,TATA CONSULTANCY SERVICES (TCS),,3-8 Yrs ,Not disclosed,(45975 Reviews),"Chennai, Bangalore/Bengaluru, Mumbai (All Areas)",pythonmachine learningPower BiTableauNLPSparkIT Skills,https://www.naukri.com/job-listings-tcs-hiring-for-data-scientist-tata-consultancy-services-ltd-chennai-bangalore-bengaluru-mumbai-all-areas-3-to-8-years-150822000386,https://www.ambitionbox.com/reviews/tcs-reviews?utm_campaign=srp_ratings&utm_medium=desktop&utm_source=naukri
Data Scientist,Paytm,,Not disclosed ,Not disclosed,(3721 Reviews),"Noida, Bangalore/Bengaluru(WFH during Covid)",Data Sciencepythonmachine learning,https://www.naukri.com/job-listings-data-scientist-one97-communications-limited-noida-bangalore-bengaluru-1-to-2-years-250822006506,https://www.ambitionbox.com/reviews/one97-communications-reviews?utm_campaign=srp_ratings&utm_medium=desktop&utm_source=naukri
ACN - Applied Intelligence - C4DI - Sustainability - 09,Accenture,,4-6 Yrs ,Not disclosed,(30750 Reviews),Bangalore/Bengaluru,Business processData managementConsultingOracleBusiness operationsIT SkillsData ScienceMachine Learning,https://www.naukri.com/job-listings-acn-applied-intelligence-c4di-sustainability-09-accenture-solutions-pvt-ltd-bangalore-bengaluru-4-to-6-years-240822901582,https://www.ambitionbox.com/reviews/accenture-reviews?utm_campaign=srp_ratings&utm_medium=desktop&utm_source=naukri
Data Scientist Lead_Tata Consultancy Services(Tcs),TATA CONSULTANCY SERVICES (TCS),,8-12 Yrs ,Not disclosed,(45975 Reviews),"Kolkata, Hyderabad/Secunderabad, Chennai, Bangalore/Bengaluru",PythonR ProgrammingIT SkillsData Sciencedata scientist,https://www.naukri.com/job-listings-data-scientist-lead-tata-consultancy-services-tcs-tata-consultancy-services-ltd-kolkata-hyderabad-secunderabad-chennai-bangalore-bengaluru-8-to-12-years-190822001529,https://www.ambitionbox.com/reviews/tcs-reviews?utm_campaign=srp_ratings&utm_medium=desktop&utm_source=naukri
Data Scientist - II,SMARTPADDLE TECHNOLOGY PVT. LTD.,,3-6 Yrs ,Not disclosed,(54 Reviews),"India, Bangalore/Bengaluru, Mumbai (All Areas)",PythonData AnalyticsJavaIT SkillsBusiness AnalyticsRisk AnalyticsArtificial IntelligenceCredit Risk,https://www.naukri.com/job-listings-data-scientist-ii-smartpaddle-technology-pvt-ltd-bangalore-bengaluru-mumbai-all-areas-india-3-to-6-years-210722606804,https://www.ambitionbox.com/reviews/bizongo-reviews?utm_campaign=srp_ratings&utm_medium=desktop&utm_source=naukri
Senior Data Scientist,Baker Hughes,,6-8 Yrs ,Not disclosed,(311 Reviews),"Mumbai, Bangalore/Bengaluru",Computer scienceData analysisSASCodingMachine learningPerlRubyAnalytics,https://www.naukri.com/job-listings-senior-data-scientist-baker-hughes-the-network-mumbai-bangalore-bengaluru-6-to-8-years-170622500683,https://www.ambitionbox.com/reviews/baker-hughes-reviews?utm_campaign=srp_ratings&utm_medium=desktop&utm_source=naukri
data science analyst,CRED,,1-3 Yrs ,Not disclosed,(26 Reviews),Bangalore/Bengaluru,Analytical skillsHealth insurancedata scienceData qualityData miningbig dataOperationsMonitoring,https://www.naukri.com/job-listings-data-science-analyst-cred-bangalore-bengaluru-1-to-3-years-180822500240,https://www.ambitionbox.com/reviews/cred-reviews?utm_campaign=srp_ratings&utm_medium=desktop&utm_source=naukri
Data Scientist / Sr Data Scientist,GEP,,2-7 Yrs ,Not disclosed,(456 Reviews),"Hyderabad/Secunderabad, Mumbai (All Areas)",Machine LearningPythonSparkMLHBaseKerasApacheSparkR,https://www.naukri.com/job-listings-data-scientist-sr-data-scientist-gep-solutions-pvt-ltd-hyderabad-secunderabad-mumbai-all-areas-2-to-7-years-180822008018,https://www.ambitionbox.com/reviews/gep-worldwide-reviews?utm_campaign=srp_ratings&utm_medium=desktop&utm_source=naukri
Data Scientist Python,Conduent,,3-7 Yrs ,"8,50,000 - 17,00,000 PA.",(1778 Reviews),"Hyderabad/Secunderabad, Bangalore/Bengaluru",data scientistPythonBPOdata analysisNLPNatural Language Processingstatistical modelingmachine learning,https://www.naukri.com/job-listings-data-scientist-python-conduent-business-services-india-llp-hyderabad-secunderabad-bangalore-bengaluru-3-to-7-years-160822011020,https://www.ambitionbox.com/reviews/conduent-reviews?utm_campaign=srp_ratings&utm_medium=desktop&utm_source=naukri
AI/ ML developer,Infogain,,3-5 Yrs ,Not disclosed,(589 Reviews),"Pune, Delhi / NCR, Mumbai (All Areas)",Artificial Neural NetworksDeep Neural NetworksPythonSciPyMatplotlibNumpyMachine LearningPandas,https://www.naukri.com/job-listings-ai-ml-developer-infogain-india-p-ltd-pune-delhi-ncr-mumbai-all-areas-3-to-5-years-250822001818,https://www.ambitionbox.com/reviews/infogain-reviews?utm_campaign=srp_ratings&utm_medium=desktop&utm_source=naukri
Senior Data Scientist,Ciena,,5-10 Yrs ,Not disclosed,(199 Reviews),Pune,Data ScienceSageMakerJavaCDMXNetScalaCIsklearn,https://www.naukri.com/job-listings-senior-data-scientist-ciena-india-private-ltd-pune-5-to-10-years-250822909286,https://www.ambitionbox.com/reviews/ciena-reviews?utm_campaign=srp_ratings&utm_medium=desktop&utm_source=naukri
Hiring For Senior Data Scientist,TATA CONSULTANCY SERVICES (TCS),,8-13 Yrs ,Not disclosed,(45975 Reviews),"Pune, Bangalore/Bengaluru",data scienceartificial intelligenceIT SkillsPythonTestingMachine LearningAWSdeep learning,https://www.naukri.com/job-listings-hiring-for-senior-data-scientist-tata-consultancy-services-ltd-pune-bangalore-bengaluru-8-to-13-years-130722002780,https://www.ambitionbox.com/reviews/tcs-reviews?utm_campaign=srp_ratings&utm_medium=desktop&utm_source=naukri
Dataiku Consultant,Wipro,,10-16 Yrs ,Not disclosed,(26746 Reviews),"Pune, Chennai, Bangalore/Bengaluru",Data RobotDataikuIT SkillsPythonData ScienceCloudBig DataJenkins,https://www.naukri.com/job-listings-dataiku-consultant-wipro-limited-pune-chennai-bangalore-bengaluru-10-to-16-years-060722005045,https://www.ambitionbox.com/reviews/wipro-reviews?utm_campaign=srp_ratings&utm_medium=desktop&utm_source=naukri
Senior Data Scientist,Morningstar,,3-5 Yrs ,Not disclosed,(412 Reviews),Mumbai,MS SQLXMLArtificial IntelligenceMachine learningAgileData collectiontest driven developmentDownstream,https://www.naukri.com/job-listings-senior-data-scientist-morningstar-india-p-ltd-mumbai-3-to-5-years-190822502167,https://www.ambitionbox.com/reviews/morningstar-reviews?utm_campaign=srp_ratings&utm_medium=desktop&utm_source=naukri
Lead Data Scientist,Morningstar,,6-8 Yrs ,Not disclosed,(412 Reviews),Mumbai,PrototypeTeam managementXMLArtificial IntelligenceAgileData structuresDownstreamSQL,https://www.naukri.com/job-listings-lead-data-scientist-morningstar-india-p-ltd-mumbai-6-to-8-years-190822502166,https://www.ambitionbox.com/reviews/morningstar-reviews?utm_campaign=srp_ratings&utm_medium=desktop&utm_source=naukri
Senior Manager Data Science,Pfizer,,6-11 Yrs ,Not disclosed,(4810 Reviews),Mumbai,Qualitative researchBusiness administrationBusiness transformationdata scienceBusiness analyticsAnalyticalBrand marketingMachine learning,https://www.naukri.com/job-listings-senior-manager-data-science-pfizer-limited-mumbai-6-to-11-years-180822503336,https://www.ambitionbox.com/reviews/pfizer-reviews?utm_campaign=srp_ratings&utm_medium=desktop&utm_source=naukri
Data Scientist with Payments,TATA CONSULTANCY SERVICES (TCS),,4-9 Yrs ,Not disclosed,(45975 Reviews),"Kolkata, Chennai, Mumbai (All Areas)",pythonmachine learningcommunicationSLQIT SkillsTestingartificial neural networkspayment processing,https://www.naukri.com/job-listings-data-scientist-with-payments-tata-consultancy-services-ltd-kolkata-chennai-mumbai-all-areas-4-to-9-years-040822009909,https://www.ambitionbox.com/reviews/tcs-reviews?utm_campaign=srp_ratings&utm_medium=desktop&utm_source=naukri
Data Scientist - A.P. Maersk,Maersk,,"17,00,000 - 25,00,000 PA. (Including Variable: 10.0%) ","17,00,000 - 25,00,000 PA. (Including Variable: 10.0%)",(2237 Reviews),Bangalore/Bengaluru(WFH during Covid),CelonisPower BiProcess MiningpythonRUXSASUI,https://www.naukri.com/job-listings-data-scientist-a-p-maersk-maersk-global-service-centres-india-private-limited-bangalore-bengaluru-5-to-10-years-290322004866,https://www.ambitionbox.com/reviews/maersk-global-service-centres-reviews?utm_campaign=srp_ratings&utm_medium=desktop&utm_source=naukri
Staff Data Scientist (Operations Research),Walmart,,9-14 Yrs ,Not disclosed,(11992 Reviews),Bangalore/Bengaluru,BiqQueryGurobiAzurecommunicationMachine learningSQLSciencePython,https://www.naukri.com/job-listings-staff-data-scientist-operations-research-walmart-labs-bangalore-bengaluru-9-to-14-years-170822501269,https://www.ambitionbox.com/reviews/walmart-reviews?utm_campaign=srp_ratings&utm_medium=desktop&utm_source=naukri
Senior Data Scientist,Walmart,,8-13 Yrs ,Not disclosed,(11992 Reviews),Bangalore/Bengaluru,ProcurementCloud computingAutomationData analysisdata scienceDb2CodingAgile,https://www.naukri.com/job-listings-senior-data-scientist-walmart-labs-bangalore-bengaluru-8-to-13-years-170822501256,https://www.ambitionbox.com/reviews/walmart-reviews?utm_campaign=srp_ratings&utm_medium=desktop&utm_source=naukri
Principal Data Scientist,Walmart,,12-15 Yrs ,Not disclosed,(11992 Reviews),Bangalore/Bengaluru,IT SkillsPythonTestingData ScienceMachine LearningBig DataSupply chainData analysis,https://www.naukri.com/job-listings-principal-data-scientist-walmart-labs-bangalore-bengaluru-12-to-15-years-170822501254,https://www.ambitionbox.com/reviews/walmart-reviews?utm_campaign=srp_ratings&utm_medium=desktop&utm_source=naukri
Data Scientist,Concentrix,,7-12 Yrs ,Not disclosed,(14716 Reviews),Bangalore/Bengaluru,Text Miningmachine learningSQLNLPPythonLogistic RegressionNatural Language ProcessingStatistics,https://www.naukri.com/job-listings-data-scientist-concentrix-daksh-services-india-private-limited-bangalore-bengaluru-7-to-12-years-150822001537,https://www.ambitionbox.com/reviews/concentrix-corporation-reviews?utm_campaign=srp_ratings&utm_medium=desktop&utm_source=naukri
BCAI - Senior Data Scientist,Bosch Global Software Technologies,,5-8 Yrs ,Not disclosed,(2248 Reviews),Bangalore/Bengaluru,PythonSupply chainComputer visionCodingDjangoMachine learningBusiness solutionsForecasting,https://www.naukri.com/job-listings-bcai-senior-data-scientist-bosch-global-software-technologies-private-limited-ivate-limited-bangalore-bengaluru-5-to-8-years-120822906900,https://www.ambitionbox.com/reviews/bosch-global-software-technologies-reviews?utm_campaign=srp_ratings&utm_medium=desktop&utm_source=naukri
Data Scientist,Bosch Global Software Technologies,,4-9 Yrs ,Not disclosed,(2248 Reviews),Bangalore/Bengaluru,machine learningmatlabdeep learningpythondata sciencetime seriesalgorithm developmentanomaly detection,https://www.naukri.com/job-listings-data-scientist-bosch-global-software-technologies-private-limited-ivate-limited-bangalore-bengaluru-4-to-9-years-120822906841,https://www.ambitionbox.com/reviews/bosch-global-software-technologies-reviews?utm_campaign=srp_ratings&utm_medium=desktop&utm_source=naukri
Forecasting Analyst/ Data Scientist (US Client),Concentrix,,Not disclosed ,Not disclosed,(14716 Reviews),"Gurgaon/Gurugram, Bangalore/Bengaluru(WFH during Covid)",R studioPythonFORECAST MODELLINGArimaRegressionForecastingContact CenterTime Series Analysis,https://www.naukri.com/job-listings-forecasting-analyst-data-scientist-us-client-concentrix-daksh-services-india-private-limited-gurgaon-gurugram-bangalore-bengaluru-3-to-8-years-070821002178,https://www.ambitionbox.com/reviews/concentrix-corporation-reviews?utm_campaign=srp_ratings&utm_medium=desktop&utm_source=naukri
Cloud Datascience Engineer,Oracle,,9-14 Yrs ,Not disclosed,(3743 Reviews),"Noida, Hyderabad/Secunderabad, Bangalore/Bengaluru",data scienceText Analytics,https://www.naukri.com/job-listings-cloud-datascience-engineer-oracle-india-pvt-ltd-noida-hyderabad-secunderabad-bangalore-bengaluru-9-to-14-years-150622003232,https://www.ambitionbox.com/reviews/oracle-reviews?utm_campaign=srp_ratings&utm_medium=desktop&utm_source=naukri
Python/PySpark Engineer (Azure),Hexaware Technologies,,"10,00,000 - 20,00,000 PA. ","10,00,000 - 20,00,000 PA.",(2946 Reviews),"Pune, Chennai, Mumbai (All Areas)(WFH during Covid)",PysparkAzurePythonSQL,https://www.naukri.com/job-listings-python-pyspark-engineer-azure-hexaware-technologies-ltd-pune-chennai-mumbai-all-areas-5-to-10-years-020822009516,https://www.ambitionbox.com/reviews/hexaware-technologies-reviews?utm_campaign=srp_ratings&utm_medium=desktop&utm_source=naukri
Data Scientist,ZS Associates,,5-8 Yrs ,Not disclosed,(836 Reviews),"New Delhi, Pune, Gurgaon/Gurugram, Bangalore/Bengaluru, Delhi / NCR",IT SkillsJavaPythonSoftware DevelopmentTestingData ScienceMachine Learning,https://www.naukri.com/job-listings-data-scientist-zs-associates-new-delhi-pune-gurgaon-gurugram-bangalore-bengaluru-delhi-ncr-5-to-8-years-170822001728,https://www.ambitionbox.com/reviews/zs-reviews?utm_campaign=srp_ratings&utm_medium=desktop&utm_source=naukri
"Data Scientist - Finolex Cables Ltd - Pimpri, Pune",Finolex Cables,,5-10 Yrs ,Not disclosed,(487 Reviews),"Pimpri-Chinchwad, Pune",Data AnalysisPythonTensorflowMultivariate AnalysisRDBMSMicrosoft Azure,https://www.naukri.com/job-listings-data-scientist-finolex-cables-ltd-pimpri-pune-finolex-cables-ltd-pimpri-chinchwad-pune-5-to-10-years-220822000796,https://www.ambitionbox.com/reviews/finolex-cables-reviews?utm_campaign=srp_ratings&utm_medium=desktop&utm_source=naukri
Data Scientist/Senior Data Scientist - R&D,ICERTIS Solutions,,10-11 Yrs ,Not disclosed,(133 Reviews),Pune,IT SkillsPythonData ScienceMachine LearningArtificial IntelligenceCloudText miningCloud computing,https://www.naukri.com/job-listings-data-scientist-senior-data-scientist-r-d-icertis-solutions-pune-10-to-11-years-190822502591,https://www.ambitionbox.com/reviews/icertis-reviews?utm_campaign=srp_ratings&utm_medium=desktop&utm_source=naukri
Data Scientist,Absolutdata,,Not disclosed ,Not disclosed,(58 Reviews),"Kolkata, Hyderabad/Secunderabad, Pune, Ahmedabad, Gurgaon/Gurugram, Bangalore/Bengaluru, Delhi / NCR(WFH during Covid)",Data Sciencepythonmachine learningDeep Learningartificial neural networksrandom forest,https://www.naukri.com/job-listings-data-scientist-absolutdata-research-analytics-solutions-pvt-lt-kolkata-hyderabad-secunderabad-pune-ahmedabad-gurgaon-gurugram-bangalore-bengaluru-delhi-ncr-5-to-10-years-220822001896,https://www.ambitionbox.com/reviews/absolutdata-reviews?utm_campaign=srp_ratings&utm_medium=desktop&utm_source=naukri
Team Lead/Consultant-Data Science,Accenture,,7-11 Yrs ,Not disclosed,(30750 Reviews),Mumbai,PublishingConsultingData miningAnalyticsSQLIT SkillsPythonData Science,https://www.naukri.com/job-listings-team-lead-consultant-data-science-accenture-solutions-pvt-ltd-mumbai-7-to-11-years-160822910050,https://www.ambitionbox.com/reviews/accenture-reviews?utm_campaign=srp_ratings&utm_medium=desktop&utm_source=naukri
Sr Research Scientist ( AI ),Hitachi Ltd.,,4-8 Yrs ,Not disclosed,(4468 Reviews),Bangalore/Bengaluru,SASImage processingSimulationMachine learningNatural language processingResearchSensorsForecasting,https://www.naukri.com/job-listings-sr-research-scientist-ai-hitachi-ltd-bangalore-bengaluru-4-to-8-years-290622502535,https://www.ambitionbox.com/reviews/hitachi-reviews?utm_campaign=srp_ratings&utm_medium=desktop&utm_source=naukri
Senior Data Scientist,Hitachi Ltd.,,4-8 Yrs ,Not disclosed,(4468 Reviews),Bangalore/Bengaluru,Computer visiondeep learningImage processingNeural networksArtificial IntelligenceMachine learningSignal processingManager Technology,https://www.naukri.com/job-listings-senior-data-scientist-hitachi-ltd-bangalore-bengaluru-4-to-8-years-290622502533,https://www.ambitionbox.com/reviews/hitachi-reviews?utm_campaign=srp_ratings&utm_medium=desktop&utm_source=naukri
Junior Data Scientist,Hitachi Ltd.,,2-5 Yrs ,Not disclosed,(4468 Reviews),Bangalore/Bengaluru,Computer visiondeep learningImage processingNeural networksArtificial IntelligenceMachine learningSignal processingManager Technology,https://www.naukri.com/job-listings-junior-data-scientist-hitachi-ltd-bangalore-bengaluru-2-to-5-years-290622502531,https://www.ambitionbox.com/reviews/hitachi-reviews?utm_campaign=srp_ratings&utm_medium=desktop&utm_source=naukri
Senior Data Scientist,Walmart,,4-9 Yrs ,Not disclosed,(11992 Reviews),Bangalore/Bengaluru,IT SkillsPythonTestingData ScienceMachine LearningCloudComputer scienceComputer vision,https://www.naukri.com/job-listings-senior-data-scientist-walmart-labs-bangalore-bengaluru-4-to-9-years-280622500453,https://www.ambitionbox.com/reviews/walmart-reviews?utm_campaign=srp_ratings&utm_medium=desktop&utm_source=naukri
Data Scientist,Applied Materials,,4-7 Yrs ,Not disclosed,(198 Reviews),Bangalore/Bengaluru,data sciencepandasdeep learningpythonCNNRNNLSTMpytorch,https://www.naukri.com/job-listings-data-scientist-applied-materials-india-private-limited-bangalore-bengaluru-4-to-7-years-270722902438,https://www.ambitionbox.com/reviews/applied-materials-reviews?utm_campaign=srp_ratings&utm_medium=desktop&utm_source=naukri
Junior Data Scientist,Accenture,,2-6 Yrs ,Not disclosed,(30750 Reviews),Bangalore/Bengaluru,Exploratory Data AnalysisPython scriptingMachine LearningGRUCount VectorizationAmazon Web ServicesLSTMTensorFLow,https://www.naukri.com/job-listings-junior-data-scientist-accenture-solutions-pvt-ltd-bangalore-bengaluru-2-to-6-years-270722902227,https://www.ambitionbox.com/reviews/accenture-reviews?utm_campaign=srp_ratings&utm_medium=desktop&utm_source=naukri
Data Scientist,Applied Materials,,4-7 Yrs ,Not disclosed,(198 Reviews),Bangalore/Bengaluru,data analysisLeadershipSemiconductorRHVPProblem SolvingShell scriptsPython,https://www.naukri.com/job-listings-data-scientist-applied-materials-india-private-limited-bangalore-bengaluru-4-to-7-years-260722903660,https://www.ambitionbox.com/reviews/applied-materials-reviews?utm_campaign=srp_ratings&utm_medium=desktop&utm_source=naukri
Data Scientist,Applied Materials,,2-4 Yrs ,Not disclosed,(198 Reviews),Bangalore/Bengaluru,Pythonsoftware engineersdata-miningdesign data engineersmanufacturingTableau,https://www.naukri.com/job-listings-data-scientist-applied-materials-india-private-limited-bangalore-bengaluru-2-to-4-years-260722903640,https://www.ambitionbox.com/reviews/applied-materials-reviews?utm_campaign=srp_ratings&utm_medium=desktop&utm_source=naukri
Data Scientist,Applied Materials,,4-7 Yrs ,Not disclosed,(198 Reviews),Bangalore/Bengaluru,Data analysisRData ScientistData AnalyticsStatistical AnalysisMachine LearningPython,https://www.naukri.com/job-listings-data-scientist-applied-materials-india-private-limited-bangalore-bengaluru-4-to-7-years-260722903514,https://www.ambitionbox.com/reviews/applied-materials-reviews?utm_campaign=srp_ratings&utm_medium=desktop&utm_source=naukri
Data Scientist - Noida/Bangalore,EXL,,5-10 Yrs ,Not disclosed,(952 Reviews),"Noida, Bangalore/Bengaluru",nlpArtificial IntelligenceNatural Language ProcessingMachine LearningIT SkillsPythonDjango,https://www.naukri.com/job-listings-data-scientist-noida-bangalore-exl-services-com-i-pvt-ltd-noida-bangalore-bengaluru-5-to-10-years-230622003160,https://www.ambitionbox.com/reviews/exl-india-reviews?utm_campaign=srp_ratings&utm_medium=desktop&utm_source=naukri
Deep Learning Engineer (SIPS-PS),Sony Corporation of America,,1-5 Yrs ,Not disclosed,,Bangalore/Bengaluru,Computer sciencedeep learningImage processingMachine learningManager TechnologyProgrammingmodel developmentData quality,https://www.naukri.com/job-listings-deep-learning-engineer-sips-ps-sony-corporation-of-america-bangalore-bengaluru-1-to-5-years-220722500348,
Deep Learning Engineer,Sony Corporation of America,,2-5 Yrs ,Not disclosed,,Bangalore/Bengaluru,Computer sciencedeep learningImage processingMachine learningManager TechnologyProgrammingmodel developmentData quality,https://www.naukri.com/job-listings-deep-learning-engineer-sony-corporation-of-america-bangalore-bengaluru-2-to-5-years-220722500347,
Data Science - Senior Software Engineer,Paytm,,8-15 Yrs ,Not disclosed,(3721 Reviews),"Noida, Bangalore/Bengaluru",NoSQLStatistical analysisdata scienceMachine learningData collectiondata visualizationData miningFraud detection,https://www.naukri.com/job-listings-data-science-senior-software-engineer-paytm-noida-bangalore-bengaluru-8-to-15-years-180722500241,https://www.ambitionbox.com/reviews/one97-communications-reviews?utm_campaign=srp_ratings&utm_medium=desktop&utm_source=naukri
ACN - Applied Intelligence - Data & Insights - CPG - 09,Accenture,,4-6 Yrs ,Not disclosed,(30750 Reviews),Bangalore/Bengaluru,Supply chainData managementRFConsultingForecastingIT SkillsData ScienceMachine Learning,https://www.naukri.com/job-listings-acn-applied-intelligence-data-insights-cpg-09-accenture-solutions-pvt-ltd-bangalore-bengaluru-4-to-6-years-080822906311,https://www.ambitionbox.com/reviews/accenture-reviews?utm_campaign=srp_ratings&utm_medium=desktop&utm_source=naukri
Data Scientist,Infosys,,2-7 Yrs ,Not disclosed,(26578 Reviews),Bangalore/Bengaluru,PythonBigdataAzurewritten communicationArtificial IntelligenceGCPRSQL,https://www.naukri.com/job-listings-data-scientist-infosys-limited-bangalore-bengaluru-2-to-7-years-050822905536,https://www.ambitionbox.com/reviews/infosys-reviews?utm_campaign=srp_ratings&utm_medium=desktop&utm_source=naukri
Senior Quantitative Analytics Specialist - NLP,Wells Fargo,,3-5 Yrs ,Not disclosed,(3266 Reviews),Bangalore/Bengaluru,PythonRNLPExceldata managementSASH2OAster,https://www.naukri.com/job-listings-senior-quantitative-analytics-specialist-nlp-wells-fargo-international-solutions-private-ltd-bangalore-bengaluru-3-to-5-years-040822902704,https://www.ambitionbox.com/reviews/wells-fargo-reviews?utm_campaign=srp_ratings&utm_medium=desktop&utm_source=naukri
Data Scientist,IBM,,8-12 Yrs ,Not disclosed,(20589 Reviews),Bangalore/Bengaluru,ConsultingPredictive modelingSPSSForecastingAnalyticsIT SkillsJavaPython,https://www.naukri.com/job-listings-data-scientist-ibm-india-pvt-limited-bangalore-bengaluru-8-to-12-years-020822908663,https://www.ambitionbox.com/reviews/ibm-reviews?utm_campaign=srp_ratings&utm_medium=desktop&utm_source=naukri
Distinguish Data Scientist,Schneider Electric,,10-14 Yrs ,Not disclosed,(3807 Reviews),Bangalore/Bengaluru,Logistic regressionFactor analysisdata scienceAnalyticalIntellectual propertyMachine learninglinear regressionAnalytics,https://www.naukri.com/job-listings-distinguish-data-scientist-schneider-electric-india-pvt-ltd-bangalore-bengaluru-10-to-14-years-300722500593,https://www.ambitionbox.com/reviews/schneider-electric-reviews?utm_campaign=srp_ratings&utm_medium=desktop&utm_source=naukri
Data Engineer - ML Ops,VISA,,2-5 Yrs ,Not disclosed,(89 Reviews),Bangalore/Bengaluru,Computer scienceGITLinuxShell scriptingMachine learningAgileSchedulingRisk management,https://www.naukri.com/job-listings-data-engineer-ml-ops-visa-inc-bangalore-bengaluru-2-to-5-years-300622500879,https://www.ambitionbox.com/reviews/visa-reviews?utm_campaign=srp_ratings&utm_medium=desktop&utm_source=naukri
ACN - Applied Intelligence - Data Scientist - 09,Accenture,,6-10 Yrs ,Not disclosed,(30750 Reviews),Bangalore/Bengaluru,Computer scienceAutomationMachine learningMonitoringPythonlearningIT SkillsData Science,https://www.naukri.com/job-listings-acn-applied-intelligence-data-scientist-09-accenture-solutions-pvt-ltd-bangalore-bengaluru-6-to-10-years-290722915837,https://www.ambitionbox.com/reviews/accenture-reviews?utm_campaign=srp_ratings&utm_medium=desktop&utm_source=naukri
ACN - Applied Intelligence - Data Scientist - 09,Accenture,,2-6 Yrs ,Not disclosed,(30750 Reviews),Bangalore/Bengaluru,Computer scienceAutomationMachine learningMonitoringPythonlearningIT SkillsData Science,https://www.naukri.com/job-listings-acn-applied-intelligence-data-scientist-09-accenture-solutions-pvt-ltd-bangalore-bengaluru-2-to-6-years-290722915764,https://www.ambitionbox.com/reviews/accenture-reviews?utm_campaign=srp_ratings&utm_medium=desktop&utm_source=naukri
FTE - Regional BI - Data Scientist,Schneider Electric,,3-5 Yrs ,Not disclosed,(3807 Reviews),Bangalore/Bengaluru,Computer scienceSAPdata scienceOracle SQLNeural networksMachine learningBusiness solutionsbig data,https://www.naukri.com/job-listings-fte-regional-bi-data-scientist-schneider-electric-india-pvt-ltd-bangalore-bengaluru-3-to-5-years-290422501874,https://www.ambitionbox.com/reviews/schneider-electric-reviews?utm_campaign=srp_ratings&utm_medium=desktop&utm_source=naukri
Data Scientist,Siemens,,2-6 Yrs ,Not disclosed,(4708 Reviews),Bangalore/Bengaluru,deep learningGITWeb technologiesdata scienceNeural networksCloudSiemensPython,https://www.naukri.com/job-listings-data-scientist-siemens-limited-bangalore-bengaluru-2-to-6-years-270722501506,https://www.ambitionbox.com/reviews/siemens-india-reviews?utm_campaign=srp_ratings&utm_medium=desktop&utm_source=naukri
Senior Data Scientist,Cargill,,5-8 Yrs ,Not disclosed,(1011 Reviews),Bangalore/Bengaluru,continuous integrationData analysisdata scienceMachine learningWorkflowdata visualizationMonitoringSQL,https://www.naukri.com/job-listings-senior-data-scientist-cargill-india-pvt-ltd-bangalore-bengaluru-5-to-8-years-270722501412,https://www.ambitionbox.com/reviews/cargill-reviews?utm_campaign=srp_ratings&utm_medium=desktop&utm_source=naukri
Senior Manager I - Data science - Marketplace,Walmart,,5-9 Yrs ,Not disclosed,(11992 Reviews),Bangalore/Bengaluru,insight generationdata miningcommunicationsSQLPythonGCPmachine learningspark,https://www.naukri.com/job-listings-senior-manager-i-data-science-marketplace-walmart-labs-bangalore-bengaluru-5-to-9-years-260722500089,https://www.ambitionbox.com/reviews/walmart-reviews?utm_campaign=srp_ratings&utm_medium=desktop&utm_source=naukri
Data Scientist opening with Teleperformance Digital,Teleperformance (TP),,3-5 Yrs ,Not disclosed,(13729 Reviews),Gurgaon/Gurugram,pythondata scientistMachine LearningIT SkillsData ScienceArtificial IntelligenceNatural Language Processinglinear regression,https://www.naukri.com/job-listings-data-scientist-opening-with-teleperformance-digital-teleperformance-global-services-pvt-ltd-gurgaon-gurugram-3-to-5-years-250822002410,https://www.ambitionbox.com/reviews/teleperformance-reviews?utm_campaign=srp_ratings&utm_medium=desktop&utm_source=naukri
Data Scientist Strategic Pricing,Cargill,,3-8 Yrs ,Not disclosed,(1011 Reviews),Gurgaon/Gurugram,MiningCareer developmentcontinuous integrationNutritionMachine learningProgrammingPredictive modelingEconometrics,https://www.naukri.com/job-listings-data-scientist-strategic-pricing-cargill-india-pvt-ltd-gurgaon-gurugram-3-to-8-years-240822502491,https://www.ambitionbox.com/reviews/cargill-reviews?utm_campaign=srp_ratings&utm_medium=desktop&utm_source=naukri
Data Scientist II,Caterpillar Inc,,6-10 Yrs ,Not disclosed,(830 Reviews),Chennai,Data analysisMinitabData managementAnalyticalArtificial IntelligenceMachine learningAgileData mining,https://www.naukri.com/job-listings-data-scientist-ii-caterpillar-india-private-ltd-chennai-6-to-10-years-240822500878,https://www.ambitionbox.com/reviews/caterpillar-inc-reviews?utm_campaign=srp_ratings&utm_medium=desktop&utm_source=naukri
Data Scientist ( ML / AI ),VISA,,4-9 Yrs ,Not disclosed,(89 Reviews),Bangalore/Bengaluru,Data analysisManager Quality AssuranceLinuxAnalyticalPredictive modelingData miningRisk managementAnalytics,https://www.naukri.com/job-listings-data-scientist-ml-ai-visa-inc-bangalore-bengaluru-4-to-9-years-230722500271,https://www.ambitionbox.com/reviews/visa-reviews?utm_campaign=srp_ratings&utm_medium=desktop&utm_source=naukri
Senior Data Scientist,VISA,,8-13 Yrs ,Not disclosed,(89 Reviews),Bangalore/Bengaluru,AutomationManager Quality AssuranceLinuxAnalyticalPredictive modelingData miningRisk managementAnalytics,https://www.naukri.com/job-listings-senior-data-scientist-visa-inc-bangalore-bengaluru-8-to-13-years-230722500270,https://www.ambitionbox.com/reviews/visa-reviews?utm_campaign=srp_ratings&utm_medium=desktop&utm_source=naukri
Lead Data Scientist,Philips,,8-10 Yrs ,Not disclosed,(1576 Reviews),"Chennai, Bangalore/Bengaluru",Supply chainComputer scienceAutomationCodingAnalyticalMachine learningOpen sourceData mining,https://www.naukri.com/job-listings-lead-data-scientist-philips-india-limited-chennai-bangalore-bengaluru-8-to-10-years-210622500831,https://www.ambitionbox.com/reviews/philips-reviews?utm_campaign=srp_ratings&utm_medium=desktop&utm_source=naukri
Data Scientist,Applied Materials,,7-10 Yrs ,Not disclosed,(198 Reviews),Bangalore/Bengaluru,Deep learningRCNNsCNNtableausoftware development lifecycleRNNLSTMMLOps,https://www.naukri.com/job-listings-data-scientist-applied-materials-india-private-limited-bangalore-bengaluru-7-to-10-years-190722909735,https://www.ambitionbox.com/reviews/applied-materials-reviews?utm_campaign=srp_ratings&utm_medium=desktop&utm_source=naukri
Senior Staff Data Scientist,Swiggy,,2-7 Yrs ,Not disclosed,(2164 Reviews),Bangalore/Bengaluru,Product managementPublishingSimulationMachine learningSCALAOpen sourceSQLPython,https://www.naukri.com/job-listings-senior-staff-data-scientist-swiggy-bangalore-bengaluru-2-to-7-years-171121501377,https://www.ambitionbox.com/reviews/swiggy-reviews?utm_campaign=srp_ratings&utm_medium=desktop&utm_source=naukri
Senior Data Scientist,Walmart,,5-9 Yrs ,Not disclosed,(11992 Reviews),Bangalore/Bengaluru,IT SkillsPythonData ScienceMachine LearningBig DataCloud computingData analysisWeb analytics,https://www.naukri.com/job-listings-senior-data-scientist-walmart-labs-bangalore-bengaluru-5-to-9-years-140622502377,https://www.ambitionbox.com/reviews/walmart-reviews?utm_campaign=srp_ratings&utm_medium=desktop&utm_source=naukri
Job Opportunity || Data Scientist || HCL Technologies || Noida,HCL Technologies,,2-5 Yrs ,Not disclosed,(17204 Reviews),Delhi / NCR,machine learningTensorflowPythonCaffeImage processingTorchCuDNNOpenCV,https://www.naukri.com/job-listings-opportunity-data-scientist-hcl-technologies-noida-hcl-technologies-limited-delhi-ncr-2-to-5-years-130522009322,https://www.ambitionbox.com/reviews/hcl-technologies-reviews?utm_campaign=srp_ratings&utm_medium=desktop&utm_source=naukri
Data & Analytics Tech - Informatica Cloud- Senior Associate,PwC,,6-10 Yrs ,Not disclosed,(3841 Reviews),Bangalore/Bengaluru,XMLTroubleshootingAnalyticsSQLAuditingData modelingWorkflowScheduling,https://www.naukri.com/job-listings-data-analytics-tech-informatica-cloud-senior-associate-pricewaterhouse-coopers-private-limited-bangalore-bengaluru-6-to-10-years-120722905627,https://www.ambitionbox.com/reviews/pwc-reviews?utm_campaign=srp_ratings&utm_medium=desktop&utm_source=naukri
Data Scientist,VISA,,3-7 Yrs ,Not disclosed,(89 Reviews),Bangalore/Bengaluru,analyticsIT SkillsData ScienceComputer scienceSolution architectureCredit card domainOperations researchAnalytical,https://www.naukri.com/job-listings-data-scientist-visa-inc-bangalore-bengaluru-3-to-7-years-090322501365,https://www.ambitionbox.com/reviews/visa-reviews?utm_campaign=srp_ratings&utm_medium=desktop&utm_source=naukri
AWS Sagemaker,Wipro,,"20,00,000 - 30,00,000 PA. ","20,00,000 - 30,00,000 PA.",(26746 Reviews),Bangalore/Bengaluru(WFH during Covid),Aws CloudAWS Sagemakermachine learningIT SkillsTestingCloudAWSCICD,https://www.naukri.com/job-listings-aws-sagemaker-wipro-limited-bangalore-bengaluru-7-to-12-years-080722010942,https://www.ambitionbox.com/reviews/wipro-reviews?utm_campaign=srp_ratings&utm_medium=desktop&utm_source=naukri
Data Scientist,Wipro,,"20,00,000 - 35,00,000 PA. ","20,00,000 - 35,00,000 PA.",(26746 Reviews),Bangalore/Bengaluru(WFH during Covid),Data ScienceOperations ResearchstatisticsIT SkillsPythonCloudBig DataNLP,https://www.naukri.com/job-listings-data-scientist-wipro-limited-bangalore-bengaluru-9-to-14-years-080722009675,https://www.ambitionbox.com/reviews/wipro-reviews?utm_campaign=srp_ratings&utm_medium=desktop&utm_source=naukri
Data Science - Lead Data Scientist,Paytm,,3-5 Yrs ,Not disclosed,(3721 Reviews),"Noida, Bangalore/Bengaluru",Computer visiondata scienceEDCMachine learningSCALAData structuresData processingFinancial services,https://www.naukri.com/job-listings-data-science-lead-data-scientist-paytm-noida-bangalore-bengaluru-3-to-5-years-070622500847,https://www.ambitionbox.com/reviews/one97-communications-reviews?utm_campaign=srp_ratings&utm_medium=desktop&utm_source=naukri
